﻿,2009,2012,2015
AFG,L,L,L
ALB,UM,UM,UM
DZA,UM,UM,UM
ASM,UM,UM,UM
AND,H,H,H
AGO,LM,UM,UM
ATG,UM,H,H
ARG,UM,UM,UM
ARM,LM,LM,LM
ABW,H,H,H
AUS,H,H,H
AUT,H,H,H
AZE,UM,UM,UM
BHS,H,H,H
BHR,H,H,H
BGD,L,L,LM
BRB,H,H,H
BLR,UM,UM,UM
BEL,H,H,H
BLZ,LM,UM,UM
BEN,L,L,L
BMU,H,H,H
BTN,LM,LM,LM
BOL,LM,LM,LM
BIH,UM,UM,UM
BWA,UM,UM,UM
BRA,UM,UM,UM
VGB,..,..,H
BRN,H,H,H
BGR,UM,UM,UM
BFA,L,L,L
BDI,L,L,L
CPV,LM,LM,LM
KHM,L,L,LM
CMR,LM,LM,LM
CAN,H,H,H
CYM,H,H,H
CAF,L,L,L
TCD,L,L,L
CHI,H,H,H
CHL,UM,H,H
CHN,LM,UM,UM
COL,UM,UM,UM
COM,L,L,L
COD,L,L,L
COG,LM,LM,LM
CRI,UM,UM,UM
CIV,LM,LM,LM
HRV,H,H,H
CUB,UM,UM,UM
CUW,..,H,H
CYP,H,H,H
CZE,H,H,H
DNK,H,H,H
DJI,LM,LM,LM
DMA,UM,UM,UM
DOM,UM,UM,UM
ECU,LM,UM,UM
EGY,LM,LM,LM
SLV,LM,LM,LM
GNQ,H,H,UM
ERI,L,L,L
EST,H,H,H
SWZ,LM,LM,LM
ETH,L,L,L
FRO,H,H,H
FJI,UM,UM,UM
FIN,H,H,H
FRA,H,H,H
PYF,H,H,H
GAB,UM,UM,UM
GMB,L,L,L
GEO,LM,LM,UM
DEU,H,H,H
GHA,L,LM,LM
GIB,H,..,H
GRC,H,H,H
GRL,H,H,H
GRD,UM,UM,UM
GUM,H,H,H
GTM,LM,LM,LM
GIN,L,L,L
GNB,L,L,L
GUY,LM,LM,UM
HTI,L,L,L
HND,LM,LM,LM
HKG,H,H,H
HUN,H,UM,H
ISL,H,H,H
IND,LM,LM,LM
IDN,LM,LM,LM
IRN,UM,UM,UM
IRQ,LM,UM,UM
IRL,H,H,H
IMN,H,H,H
ISR,H,H,H
ITA,H,H,H
JAM,UM,UM,UM
JPN,H,H,H
JOR,LM,UM,UM
KAZ,UM,UM,UM
KEN,L,L,LM
KIR,LM,LM,LM
PRK,L,L,L
KOR,H,H,H
XKX,LM,LM,LM
KWT,H,H,H
KGZ,L,L,LM
LAO,L,LM,LM
LVA,H,H,H
LBN,UM,UM,UM
LSO,LM,LM,LM
LBR,L,L,L
LBY,UM,UM,UM
LIE,H,H,H
LTU,UM,H,H
LUX,H,H,H
MAC,H,H,H
MDG,L,L,L
MWI,L,L,L
MYS,UM,UM,UM
MDV,LM,UM,UM
MLI,L,L,L
MLT,H,H,H
MHL,LM,UM,UM
MRT,L,LM,LM
MUS,UM,UM,UM
MEX,UM,UM,UM
FSM,LM,LM,LM
MDA,LM,LM,LM
MCO,H,H,H
MNG,LM,LM,LM
MNE,UM,UM,UM
MAR,LM,LM,LM
MOZ,L,L,L
MMR,L,L,LM
NAM,UM,UM,UM
NRU,..,..,H
NPL,L,L,L
NLD,H,H,H
NCL,H,H,H
NZL,H,H,H
NIC,LM,LM,LM
NER,L,L,L
NGA,LM,LM,LM
MKD,UM,UM,UM
MNP,H,H,H
NOR,H,H,H
OMN,H,H,H
PAK,LM,LM,LM
PLW,UM,UM,UM
PAN,UM,UM,UM
PNG,LM,LM,LM
PRY,LM,LM,UM
PER,UM,UM,UM
PHL,LM,LM,LM
POL,H,H,H
PRT,H,H,H
PRI,H,H,H
QAT,H,H,H
ROU,UM,UM,UM
RUS,UM,H,UM
RWA,L,L,L
WSM,LM,LM,LM
SMR,H,H,H
STP,LM,LM,LM
SAU,H,H,H
SEN,LM,LM,L
SRB,UM,UM,UM
SYC,UM,UM,H
SLE,L,L,L
SGP,H,H,H
SXM,..,H,H
SVK,H,H,H
SVN,H,H,H
SLB,L,LM,LM
SOM,L,L,L
ZAF,UM,UM,UM
SSD,..,L,L
ESP,H,H,H
LKA,LM,LM,LM
KNA,UM,H,H
LCA,UM,UM,UM
MAF,..,H,H
VCT,UM,UM,UM
SDN,LM,LM,LM
SUR,UM,UM,UM
SWE,H,H,H
CHE,H,H,H
SYR,LM,LM,LM
TWN,H,H,H
TJK,L,L,LM
TZA,L,L,L
THA,LM,UM,UM
TLS,LM,LM,LM
TGO,L,L,L
TON,LM,UM,LM
TTO,H,H,H
TUN,LM,UM,LM
TUR,UM,UM,UM
TKM,LM,UM,UM
TCA,H,H,H
TUV,LM,UM,UM
UGA,L,L,L
UKR,LM,LM,LM
ARE,H,H,H
GBR,H,H,H
USA,H,H,H
URY,UM,H,H
UZB,LM,LM,LM
VUT,LM,LM,LM
VEN,UM,UM,UM
VNM,LM,LM,LM
VIR,H,H,H
PSE,LM,LM,LM
YEM,LM,LM,LM
ZMB,L,LM,LM
ZWE,L,L,L
